"Id","Name","ProductCode","Description","IsActive","CreatedDate","CreatedById","LastModifiedDate","LastModifiedById","SystemModstamp","Family","IsDeleted","LastViewedDate","LastReferencedDate"
"01t36000000Ldv2AAC","Installation: Industrial - High","IN7080",,1,"01/25/2016 19:12:28","00536000000alhkAAA","01/25/2016 19:12:28","00536000000alhkAAA","01/25/2016 19:12:28",,0,,
"01t36000000Ldv4AAC","GenWatt Propane 500kW","GC3040",,1,"01/25/2016 19:12:28","00536000000alhkAAA","01/25/2016 19:12:28","00536000000alhkAAA","01/25/2016 19:12:28",,0,,
"01t36000000LdvFAAS","GenWatt Gasoline 2000kW","GC5060",,1,"01/25/2016 19:12:28","00536000000alhkAAA","01/25/2016 19:12:28","00536000000alhkAAA","01/25/2016 19:12:28",,0,,
"01t36000000Ldv9AAC","SLA: Bronze","SL9020",,1,"01/25/2016 19:12:28","00536000000alhkAAA","01/25/2016 19:12:28","00536000000alhkAAA","01/25/2016 19:12:28",,0,,
"01t36000000LdvDAAS","GenWatt Gasoline 300kW","GC5020",,1,"01/25/2016 19:12:28","00536000000alhkAAA","01/25/2016 19:12:28","00536000000alhkAAA","01/25/2016 19:12:28",,0,,
"01t36000000LdvGAAS","Installation: Industrial - Medium","IN7060",,1,"01/25/2016 19:12:28","00536000000alhkAAA","01/25/2016 19:12:28","00536000000alhkAAA","01/25/2016 19:12:28",,0,,
"01t36000000Ldv7AAC","GenWatt Propane 1500kW","GC3060",,1,"01/25/2016 19:12:28","00536000000alhkAAA","01/25/2016 19:12:28","00536000000alhkAAA","01/25/2016 19:12:28",,0,,
"01t36000000LdvAAAS","GenWatt Gasoline 750kW","GC5040",,1,"01/25/2016 19:12:28","00536000000alhkAAA","01/25/2016 19:12:28","00536000000alhkAAA","01/25/2016 19:12:28",,0,,
"01t36000000Ldv5AAC","SLA: Platinum","SL9080",,1,"01/25/2016 19:12:28","00536000000alhkAAA","01/25/2016 19:12:28","00536000000alhkAAA","01/25/2016 19:12:28",,0,,
"01t36000000Ldv6AAC","GenWatt Propane 100kW","GC3020",,1,"01/25/2016 19:12:28","00536000000alhkAAA","01/25/2016 19:12:28","00536000000alhkAAA","01/25/2016 19:12:28",,0,,
"01t36000000Ldv1AAC","GenWatt Diesel 10kW","GC1020",,1,"01/25/2016 19:12:28","00536000000alhkAAA","01/25/2016 19:12:28","00536000000alhkAAA","01/25/2016 19:12:28",,0,,
"01t36000000Ldv3AAC","SLA: Silver","SL9040",,1,"01/25/2016 19:12:28","00536000000alhkAAA","01/25/2016 19:12:28","00536000000alhkAAA","01/25/2016 19:12:28",,0,,
"01t36000000LdvBAAS","Installation: Portable","IN7020",,1,"01/25/2016 19:12:28","00536000000alhkAAA","01/25/2016 19:12:28","00536000000alhkAAA","01/25/2016 19:12:28",,0,,
"01t36000000LdvCAAS","SLA: Gold","SL9060",,1,"01/25/2016 19:12:28","00536000000alhkAAA","01/25/2016 19:12:28","00536000000alhkAAA","01/25/2016 19:12:28",,0,,
"01t36000000Ldv8AAC","GenWatt Diesel 1000kW","GC1060",,1,"01/25/2016 19:12:28","00536000000alhkAAA","01/25/2016 19:12:28","00536000000alhkAAA","01/25/2016 19:12:28",,0,,
"01t36000000LdvEAAS","Installation: Industrial - Low","IN7040",,1,"01/25/2016 19:12:28","00536000000alhkAAA","01/25/2016 19:12:28","00536000000alhkAAA","01/25/2016 19:12:28",,0,,
"01t36000000Ldv0AAC","GenWatt Diesel 200kW","GC1040",,1,"01/25/2016 19:12:28","00536000000alhkAAA","01/25/2016 19:12:28","00536000000alhkAAA","01/25/2016 19:12:28",,0,,
